suite,benchmark,candidate,baseline,pairs,median_change_pct,min_change_pct,max_change_pct,bootstrap_low_pct,bootstrap_high_pct
account_extension,account/clone/4096,wrapped,bytes,3,-1.077284869008377,-3.3317909431656245,-0.42251667803211435,-3.3317909431656245,-0.42251667803211435
account_extension,account/clone/4096,thinarc,bytes,3,-73.16939831340028,-74.0619212138198,-72.82645760748255,-74.0619212138198,-72.82645760748255
account_extension,account/clone/4096,ecobytes,bytes,3,-69.40106758320077,-69.94612450874347,-68.87765381808946,-69.94612450874347,-68.87765381808946
account_extension,account/clone/4096,arc,bytes,3,-73.12214873040148,-73.745364511104,-72.70970335362736,-73.745364511104,-72.70970335362736
account_extension,account/clone/64,wrapped,bytes,3,-0.9824348239231617,-1.6915737192125246,-0.503948066951232,-1.6915737192125246,-0.503948066951232
account_extension,account/clone/64,thinarc,bytes,3,-71.3804314386618,-72.26542898630959,-70.9158756593119,-72.26542898630959,-70.9158756593119
account_extension,account/clone/64,ecobytes,bytes,3,-68.35118617387546,-69.08265574443494,-68.23739259396633,-69.08265574443494,-68.23739259396633
account_extension,account/clone/64,arc,bytes,3,-71.33434588004206,-72.1557138750826,-70.99157676738966,-72.1557138750826,-70.99157676738966
account_extension,account/clone/65536,wrapped,bytes,3,-0.21328921280254765,-2.541581739274301,0.8231964280620341,-2.541581739274301,0.8231964280620341
account_extension,account/clone/65536,thinarc,bytes,3,-70.58093006965143,-71.51664626700399,-68.286331700718,-71.51664626700399,-68.286331700718
account_extension,account/clone/65536,ecobytes,bytes,3,-66.8535951298969,-66.8584655355165,-66.2558225553913,-66.8584655355165,-66.2558225553913
account_extension,account/clone/65536,arc,bytes,3,-68.77821465287522,-68.7803280334411,-68.6962272925887,-68.7803280334411,-68.6962272925887
account_extension,account/copy_without_code/4096,wrapped,bytes,3,-0.02326882127370311,-0.05485342142016458,0.02728666464277829,-0.05485342142016458,0.02728666464277829
account_extension,account/copy_without_code/4096,thinarc,bytes,3,-76.6518095967321,-76.66220162815569,-76.54999592115705,-76.66220162815569,-76.54999592115705
account_extension,account/copy_without_code/4096,ecobytes,bytes,3,-74.24367052341358,-74.25144239241142,-74.18098249744904,-74.25144239241142,-74.18098249744904
account_extension,account/copy_without_code/4096,arc,bytes,3,-67.89387943373619,-67.93408580969842,-67.85032026517301,-67.93408580969842,-67.85032026517301
account_extension,account/copy_without_code/64,wrapped,bytes,3,0.19985282878751676,0.1444381758793245,0.34477303875912746,0.1444381758793245,0.34477303875912746
account_extension,account/copy_without_code/64,thinarc,bytes,3,-75.90019995754832,-75.96794566586019,-75.86619583232834,-75.96794566586019,-75.86619583232834
account_extension,account/copy_without_code/64,ecobytes,bytes,3,-73.3227478036918,-73.3746758097826,-73.29255852190485,-73.3746758097826,-73.29255852190485
account_extension,account/copy_without_code/64,arc,bytes,3,-67.40638106427517,-67.44842063638944,-67.22072504219788,-67.44842063638944,-67.22072504219788
account_extension,account/copy_without_code/65536,wrapped,bytes,3,0.1124146403780113,-0.02172103024834504,0.17198910421025726,-0.02172103024834504,0.17198910421025726
account_extension,account/copy_without_code/65536,thinarc,bytes,3,-76.36293691704472,-76.39904068394408,-76.31985663737503,-76.39904068394408,-76.31985663737503
account_extension,account/copy_without_code/65536,ecobytes,bytes,3,-73.76680895939994,-73.8226856166261,-73.67376814318986,-73.8226856166261,-73.67376814318986
account_extension,account/copy_without_code/65536,arc,bytes,3,-67.46186868495529,-67.49154035852875,-67.34630654513722,-67.49154035852875,-67.34630654513722
account_extension,account/equal/empty,wrapped,bytes,3,-98.57777761489311,-98.59123730415664,-98.57235289008909,-98.59123730415664,-98.57235289008909
account_extension,account/equal/empty,thinarc,bytes,3,-98.57447906854016,-98.57511813185515,-98.56767279821113,-98.57511813185515,-98.56767279821113
account_extension,account/equal/empty,ecobytes,bytes,3,-98.37150280188717,-98.37995815501291,-98.36541152977772,-98.37995815501291,-98.36541152977772
account_extension,account/equal/empty,arc,bytes,3,-98.52103633615329,-98.52800229873264,-98.51010535423775,-98.52800229873264,-98.51010535423775
account_extension,account/equal/funded,wrapped,bytes,3,-98.59019018999055,-98.60349935489371,-98.57880332283784,-98.60349935489371,-98.57880332283784
account_extension,account/equal/funded,thinarc,bytes,3,-98.57226920224971,-98.58420044675549,-98.56979506440618,-98.58420044675549,-98.56979506440618
account_extension,account/equal/funded,ecobytes,bytes,3,-98.36931139288141,-98.38272963767207,-98.36644430184178,-98.38272963767207,-98.36644430184178
account_extension,account/equal/funded,arc,bytes,3,-98.51248573210329,-98.51826894574856,-98.48198925965036,-98.51826894574856,-98.48198925965036
account_extension,account/from_info/empty,wrapped,bytes,3,0.17361990710333952,0.014688721758782108,0.27985639184264777,0.014688721758782108,0.27985639184264777
account_extension,account/from_info/empty,thinarc,bytes,3,-29.59772527039196,-29.75257122337539,-29.290702884353724,-29.75257122337539,-29.290702884353724
account_extension,account/from_info/empty,ecobytes,bytes,3,-28.739548039125584,-29.701245929746033,-28.690148128189243,-29.701245929746033,-28.690148128189243
account_extension,account/from_info/empty,arc,bytes,3,-29.697415239976564,-29.804364183828024,-29.45727151098083,-29.804364183828024,-29.45727151098083
account_extension,account/from_info/funded,wrapped,bytes,3,1.1715585863999678,-0.25582850242578115,1.9097055817592246,-0.25582850242578115,1.9097055817592246
account_extension,account/from_info/funded,thinarc,bytes,3,-30.826775763782464,-31.786409897963196,-29.994461449290167,-31.786409897963196,-29.994461449290167
account_extension,account/from_info/funded,ecobytes,bytes,3,-28.43116794472199,-28.7991638328025,-27.35402950851793,-28.7991638328025,-27.35402950851793
account_extension,account/from_info/funded,arc,bytes,3,-28.697388310985506,-28.84726302934364,-26.86716217262608,-28.84726302934364,-26.86716217262608
account_extension,account/hash/empty,wrapped,bytes,3,0.03070895572527821,-0.1580627186936412,0.06272521922265906,-0.1580627186936412,0.06272521922265906
account_extension,account/hash/empty,thinarc,bytes,3,-1.3738863197766849,-1.6183060204188804,-1.2573600941396257,-1.6183060204188804,-1.2573600941396257
account_extension,account/hash/empty,ecobytes,bytes,3,-1.3376902570383042,-1.5791833630265706,-1.1306514971676784,-1.5791833630265706,-1.1306514971676784
account_extension,account/hash/empty,arc,bytes,3,31.65557934560328,31.458282029558895,31.686302314706815,31.458282029558895,31.686302314706815
account_extension,account/hash/funded,wrapped,bytes,3,-0.19081142588297517,-0.3099497645563165,0.009090732906291699,-0.3099497645563165,0.009090732906291699
account_extension,account/hash/funded,thinarc,bytes,3,-1.5091019388707716,-1.6271715310219759,-1.348966799654816,-1.6271715310219759,-1.348966799654816
account_extension,account/hash/funded,ecobytes,bytes,3,-1.3330668289669112,-1.6077904576242696,-1.2824756685216876,-1.6077904576242696,-1.2824756685216876
account_extension,account/hash/funded,arc,bytes,3,31.479762267585308,31.148139015705013,31.807529696748695,31.148139015705013,31.807529696748695
account_extension,account/is_empty/empty,wrapped,bytes,3,5.794813502204943,4.945863738710354,6.604513285156033,4.945863738710354,6.604513285156033
account_extension,account/is_empty/empty,thinarc,bytes,3,32.08253823670264,26.454164715392416,35.73113165952311,26.454164715392416,35.73113165952311
account_extension,account/is_empty/empty,ecobytes,bytes,3,2.9102686819337142,1.7486429308946283,2.927249291466061,1.7486429308946283,2.927249291466061
account_extension,account/is_empty/empty,arc,bytes,3,42.11265576648033,40.586736311529336,43.145834192529286,40.586736311529336,43.145834192529286
account_extension,account/is_empty/funded,wrapped,bytes,3,11.292586674387127,9.745493679466467,11.379852274037262,9.745493679466467,11.379852274037262
account_extension,account/is_empty/funded,thinarc,bytes,3,2.798643090421682,-0.5545026106681394,4.361168582530217,-0.5545026106681394,4.361168582530217
account_extension,account/is_empty/funded,ecobytes,bytes,3,4.732100108910653,0.11462277058005288,6.429558378051592,0.11462277058005288,6.429558378051592
account_extension,account/is_empty/funded,arc,bytes,3,2.9484773224440763,0.15134023466796265,3.142339324633636,0.15134023466796265,3.142339324633636
account_extension,account/scan_balance/4096,wrapped,bytes,3,-0.22062857853648588,-0.942952413128384,-0.21332224316116255,-0.942952413128384,-0.21332224316116255
account_extension,account/scan_balance/4096,thinarc,bytes,3,-3.8768029206892596,-4.075668550510558,-3.5314408144791476,-4.075668550510558,-3.5314408144791476
account_extension,account/scan_balance/4096,ecobytes,bytes,3,-1.7227285108620705,-2.0598426183217278,-1.5256661578253339,-2.0598426183217278,-1.5256661578253339
account_extension,account/scan_balance/4096,arc,bytes,3,-1.4758586165234178,-1.7665977055159487,-1.4291092122809324,-1.7665977055159487,-1.4291092122809324
account_extension,account/scan_balance/64,wrapped,bytes,3,-0.30741079653995307,-0.48071194555523444,-0.25512225966801694,-0.48071194555523444,-0.25512225966801694
account_extension,account/scan_balance/64,thinarc,bytes,3,-0.34396286793580977,-0.5245901767604422,-0.20086310451916667,-0.5245901767604422,-0.20086310451916667
account_extension,account/scan_balance/64,ecobytes,bytes,3,-0.40935272745823426,-0.4762414040354046,0.02326354634338834,-0.4762414040354046,0.02326354634338834
account_extension,account/scan_balance/64,arc,bytes,3,0.14365366420561188,-0.11992774149314211,2.0933128908062093,-0.11992774149314211,2.0933128908062093
account_extension,account/scan_balance/65536,wrapped,bytes,3,-0.5073627661318358,-3.795586973246712,1.870158091270846,-3.795586973246712,1.870158091270846
account_extension,account/scan_balance/65536,thinarc,bytes,3,-3.6812327741107875,-6.697377909809399,-1.6586042749614283,-6.697377909809399,-1.6586042749614283
account_extension,account/scan_balance/65536,ecobytes,bytes,3,-4.843955726938887,-6.40081085702342,-1.1397919273172685,-6.40081085702342,-1.1397919273172685
account_extension,account/scan_balance/65536,arc,bytes,3,-6.338092308634192,-11.261111747720909,-5.929218538000347,-11.261111747720909,-5.929218538000347
account_extension,account/serde_decode/1024,wrapped,bytes,3,-0.6401479897522933,-1.1590099242991925,0.25186784207158475,-1.1590099242991925,0.25186784207158475
account_extension,account/serde_decode/1024,thinarc,bytes,3,-7.411208725928042,-8.00217179071334,-6.730874274711052,-8.00217179071334,-6.730874274711052
account_extension,account/serde_decode/1024,ecobytes,bytes,3,-5.010362718112027,-5.935928137806656,-4.846764421656024,-5.935928137806656,-4.846764421656024
account_extension,account/serde_decode/1024,arc,bytes,3,-0.37487975663706985,-3.1769331006254675,-0.34655882907345115,-3.1769331006254675,-0.34655882907345115
account_extension,account/serde_encode/1024,wrapped,bytes,3,7.256821523644286,5.883095835767138,14.096980082298671,5.883095835767138,14.096980082298671
account_extension,account/serde_encode/1024,thinarc,bytes,3,0.6018452545521802,0.59800279730573,1.7418137218115692,0.59800279730573,1.7418137218115692
account_extension,account/serde_encode/1024,ecobytes,bytes,3,8.298297580867597,8.294033196545714,9.45790412532148,8.294033196545714,9.45790412532148
account_extension,account/serde_encode/1024,arc,bytes,3,10.61819178771184,10.221693836260037,10.675948004201619,10.221693836260037,10.675948004201619
account_extension,bal/canonical_conversion/4096,wrapped,bytes,3,0.11900366937751539,-3.2394609828782506,2.4691063280227077,-3.2394609828782506,2.4691063280227077
account_extension,bal/canonical_conversion/4096,thinarc,bytes,3,3.6567655006543687,-0.41900698004743164,4.849133522501403,-0.41900698004743164,4.849133522501403
account_extension,bal/canonical_conversion/4096,ecobytes,bytes,3,-1.5342505112077687,-2.1518589079383643,0.3671950339903418,-2.1518589079383643,0.3671950339903418
account_extension,bal/canonical_conversion/4096,arc,bytes,3,-1.3211292295289279,-1.9428819712897671,1.0494511168901655,-1.9428819712897671,1.0494511168901655
account_extension,bal/clone/4096,wrapped,bytes,3,0.5911682726696954,-0.28310442661694246,5.6333115454094695,-0.28310442661694246,5.6333115454094695
account_extension,bal/clone/4096,thinarc,bytes,3,7.7573601669951975,2.228301184354242,8.444603173367149,2.228301184354242,8.444603173367149
account_extension,bal/clone/4096,ecobytes,bytes,3,2.0008158217583283,-0.23944752665675528,5.370521778648807,-0.23944752665675528,5.370521778648807
account_extension,bal/clone/4096,arc,bytes,3,-1.999768143654368,-3.2654027080341486,2.3940044238357494,-3.2654027080341486,2.3940044238357494
account_extension,bal/replay/0,wrapped,bytes,3,-0.01955260091858202,-2.6667964956397006,0.13172873358990866,-2.6667964956397006,0.13172873358990866
account_extension,bal/replay/0,thinarc,bytes,3,-20.775008871694244,-22.935335683587986,-19.403828295928495,-22.935335683587986,-19.403828295928495
account_extension,bal/replay/0,ecobytes,bytes,3,-15.009853402731398,-17.19392429815434,-13.473063896386229,-17.19392429815434,-13.473063896386229
account_extension,bal/replay/0,arc,bytes,3,-16.51979031870323,-19.02868969761139,-13.65154189785801,-19.02868969761139,-13.65154189785801
account_extension,bal/replay/1,wrapped,bytes,3,0.5938017343769975,0.14530484677364175,0.9470708678181561,0.14530484677364175,0.9470708678181561
account_extension,bal/replay/1,thinarc,bytes,3,-16.420675858355672,-16.97556553430909,-15.450679980910065,-16.97556553430909,-15.450679980910065
account_extension,bal/replay/1,ecobytes,bytes,3,-10.464618722759479,-10.782607666109234,-10.441292981907512,-10.782607666109234,-10.441292981907512
account_extension,bal/replay/1,arc,bytes,3,-11.529369974855207,-12.43662249011821,-10.358764812744226,-12.43662249011821,-10.358764812744226
account_extension,bal/replay/16,wrapped,bytes,3,0.1892012028611667,-0.33298660828854354,0.4679195337689457,-0.33298660828854354,0.4679195337689457
account_extension,bal/replay/16,thinarc,bytes,3,-19.24688344914136,-19.847331150278404,-17.103760196455585,-19.847331150278404,-17.103760196455585
account_extension,bal/replay/16,ecobytes,bytes,3,-19.59245581555653,-20.316260655610762,-17.783144868575295,-20.316260655610762,-17.783144868575295
account_extension,bal/replay/16,arc,bytes,3,-17.35720709254932,-18.101965197344015,-12.83603168400591,-18.101965197344015,-12.83603168400591
account_extension,bal/replay/4,wrapped,bytes,3,-0.7364520251583517,-0.824117718876427,0.20715095562888752,-0.824117718876427,0.20715095562888752
account_extension,bal/replay/4,thinarc,bytes,3,-14.664761689556016,-16.014558427197368,-14.391892112985804,-16.014558427197368,-14.391892112985804
account_extension,bal/replay/4,ecobytes,bytes,3,-9.846000512429642,-10.108989176757321,-9.098400458022782,-10.108989176757321,-9.098400458022782
account_extension,bal/replay/4,arc,bytes,3,-9.952849357812788,-10.917868186821355,-9.650118652528628,-10.917868186821355,-9.650118652528628
account_extension,bal/update_1024/changed=false,wrapped,bytes,3,-90.07987652109188,-90.18537602589191,-89.30782440215465,-90.18537602589191,-89.30782440215465
account_extension,bal/update_1024/changed=false,thinarc,bytes,3,-96.82449230868966,-96.89225197780146,-96.78835893622184,-96.89225197780146,-96.78835893622184
account_extension,bal/update_1024/changed=false,ecobytes,bytes,3,-96.1162887296648,-96.23887555687693,-96.00192249187901,-96.23887555687693,-96.00192249187901
account_extension,bal/update_1024/changed=false,arc,bytes,3,-96.64824221900341,-96.73516177702915,-96.62206404955465,-96.73516177702915,-96.62206404955465
account_extension,bal/update_1024/changed=true,wrapped,bytes,3,-84.43727603968001,-84.65307948745,-81.80266593271159,-84.65307948745,-81.80266593271159
account_extension,bal/update_1024/changed=true,thinarc,bytes,3,-86.9566274464286,-87.538455085958,-86.91818022598888,-87.538455085958,-86.91818022598888
account_extension,bal/update_1024/changed=true,ecobytes,bytes,3,-85.0041910777395,-85.76171603281699,-84.95006229682514,-85.76171603281699,-84.95006229682514
account_extension,bal/update_1024/changed=true,arc,bytes,3,-87.20074193058164,-87.38186626860045,-87.07183400644251,-87.38186626860045,-87.07183400644251
account_extension,block/256/payload=0/bal=false/distinct=false/storage=false,wrapped,bytes,3,-0.4051539075901056,-0.9847935355082216,2.0402611366171053,-0.9847935355082216,2.0402611366171053
account_extension,block/256/payload=0/bal=false/distinct=false/storage=false,thinarc,bytes,3,-3.102728680775313,-7.602902872636608,-1.3622696924971645,-7.602902872636608,-1.3622696924971645
account_extension,block/256/payload=0/bal=false/distinct=false/storage=false,ecobytes,bytes,3,-1.1978273229196534,-3.417206913335591,0.1601852058605191,-3.417206913335591,0.1601852058605191
account_extension,block/256/payload=0/bal=false/distinct=false/storage=false,arc,bytes,3,-3.233227928031024,-5.119186574424561,-0.6234498689929757,-5.119186574424561,-0.6234498689929757
account_extension,block/256/payload=0/bal=false/distinct=false/storage=true,wrapped,bytes,3,-1.7198425558771824,-2.105335595086655,2.3700083309267983,-2.105335595086655,2.3700083309267983
account_extension,block/256/payload=0/bal=false/distinct=false/storage=true,thinarc,bytes,3,-6.533743541350756,-6.682465941698923,-4.049018371939606,-6.682465941698923,-4.049018371939606
account_extension,block/256/payload=0/bal=false/distinct=false/storage=true,ecobytes,bytes,3,0.09711893649977377,-0.6666411008826478,4.968737464494466,-0.6666411008826478,4.968737464494466
account_extension,block/256/payload=0/bal=false/distinct=false/storage=true,arc,bytes,3,-0.5433492978459076,-1.7780130608015532,0.812012742971957,-1.7780130608015532,0.812012742971957
account_extension,block/256/payload=0/bal=false/distinct=true/storage=false,wrapped,bytes,3,1.4151510487398156,-1.416586561519273,2.841777665064238,-1.416586561519273,2.841777665064238
account_extension,block/256/payload=0/bal=false/distinct=true/storage=false,thinarc,bytes,3,-6.9350642658663535,-7.719876950950755,-6.889159654059441,-7.719876950950755,-6.889159654059441
account_extension,block/256/payload=0/bal=false/distinct=true/storage=false,ecobytes,bytes,3,-2.67575489944617,-5.075522993383053,-1.9590502215333094,-5.075522993383053,-1.9590502215333094
account_extension,block/256/payload=0/bal=false/distinct=true/storage=false,arc,bytes,3,-5.877682313283595,-6.576621368247171,-4.910307372425282,-6.576621368247171,-4.910307372425282
account_extension,block/256/payload=0/bal=false/distinct=true/storage=true,wrapped,bytes,3,0.8919466932683084,-2.7974104366370267,0.9320248023247268,-2.7974104366370267,0.9320248023247268
account_extension,block/256/payload=0/bal=false/distinct=true/storage=true,thinarc,bytes,3,-6.514978363287138,-7.15024166287691,-5.749371342169063,-7.15024166287691,-5.749371342169063
account_extension,block/256/payload=0/bal=false/distinct=true/storage=true,ecobytes,bytes,3,-0.5175346749270449,-1.2953655454589486,2.1724484164914903,-1.2953655454589486,2.1724484164914903
account_extension,block/256/payload=0/bal=false/distinct=true/storage=true,arc,bytes,3,-2.1317510454604505,-2.36581618436027,-1.9350181618751128,-2.36581618436027,-1.9350181618751128
account_extension,block/256/payload=0/bal=true/distinct=false/storage=false,wrapped,bytes,3,-27.864726061667277,-27.98062081316385,-27.09098512243193,-27.98062081316385,-27.09098512243193
account_extension,block/256/payload=0/bal=true/distinct=false/storage=false,thinarc,bytes,3,-31.44647508618418,-32.26696248688664,-30.620643913055268,-32.26696248688664,-30.620643913055268
account_extension,block/256/payload=0/bal=true/distinct=false/storage=false,ecobytes,bytes,3,-29.97922203754514,-31.419147600590225,-29.721423644395063,-31.419147600590225,-29.721423644395063
account_extension,block/256/payload=0/bal=true/distinct=false/storage=false,arc,bytes,3,-31.56703989180587,-31.649502264106854,-30.79415664594043,-31.649502264106854,-30.79415664594043
account_extension,block/256/payload=0/bal=true/distinct=false/storage=true,wrapped,bytes,3,-25.267769226654167,-25.557028078534906,-22.943798062115285,-25.557028078534906,-22.943798062115285
account_extension,block/256/payload=0/bal=true/distinct=false/storage=true,thinarc,bytes,3,-29.48877062016647,-30.13541232396323,-26.59548378622286,-30.13541232396323,-26.59548378622286
account_extension,block/256/payload=0/bal=true/distinct=false/storage=true,ecobytes,bytes,3,-24.36985314008521,-25.22661524325317,-21.091871648993298,-25.22661524325317,-21.091871648993298
account_extension,block/256/payload=0/bal=true/distinct=false/storage=true,arc,bytes,3,-26.692713842770722,-27.135537609115623,-24.479210368730687,-27.135537609115623,-24.479210368730687
account_extension,block/256/payload=0/bal=true/distinct=true/storage=false,wrapped,bytes,3,-21.401539471497856,-22.579716296122708,-20.863397416456596,-22.579716296122708,-20.863397416456596
account_extension,block/256/payload=0/bal=true/distinct=true/storage=false,thinarc,bytes,3,-28.52371107579699,-28.591089755473874,-27.633986997923753,-28.591089755473874,-27.633986997923753
account_extension,block/256/payload=0/bal=true/distinct=true/storage=false,ecobytes,bytes,3,-25.331917521780987,-25.68883960921936,-25.2454638071966,-25.68883960921936,-25.2454638071966
account_extension,block/256/payload=0/bal=true/distinct=true/storage=false,arc,bytes,3,-27.279652053063973,-27.707808497109042,-26.440288858449602,-27.707808497109042,-26.440288858449602
account_extension,block/256/payload=0/bal=true/distinct=true/storage=true,wrapped,bytes,3,-17.310740038384786,-20.21891139301083,-17.196411425965795,-20.21891139301083,-17.196411425965795
account_extension,block/256/payload=0/bal=true/distinct=true/storage=true,thinarc,bytes,3,-23.333886473145206,-23.84347838690285,-22.122009818438926,-23.84347838690285,-22.122009818438926
account_extension,block/256/payload=0/bal=true/distinct=true/storage=true,ecobytes,bytes,3,-18.909183754883475,-20.665253440730503,-17.00309850146131,-20.665253440730503,-17.00309850146131
account_extension,block/256/payload=0/bal=true/distinct=true/storage=true,arc,bytes,3,-20.957084483259724,-21.121162450290477,-19.85155152160788,-21.121162450290477,-19.85155152160788
account_extension,block/256/payload=32/bal=false/distinct=false/storage=false,wrapped,bytes,3,-0.15159338979244819,-0.8604584715093955,0.30148744853226717,-0.8604584715093955,0.30148744853226717
account_extension,block/256/payload=32/bal=false/distinct=false/storage=false,thinarc,bytes,3,-6.551262644672873,-7.609982514901892,-6.469116107699047,-7.609982514901892,-6.469116107699047
account_extension,block/256/payload=32/bal=false/distinct=false/storage=false,ecobytes,bytes,3,-3.853713887725174,-6.520542122655526,-3.775905430591253,-6.520542122655526,-3.775905430591253
account_extension,block/256/payload=32/bal=false/distinct=false/storage=false,arc,bytes,3,-5.039088578770756,-5.928012639501978,-3.187371560472052,-5.928012639501978,-3.187371560472052
account_extension,block/256/payload=32/bal=false/distinct=false/storage=true,wrapped,bytes,3,-2.4934873188478535,-3.0993082383713455,-2.4147921620132684,-3.0993082383713455,-2.4147921620132684
account_extension,block/256/payload=32/bal=false/distinct=false/storage=true,thinarc,bytes,3,-6.823135999087649,-7.135856522589091,-3.418242869212862,-7.135856522589091,-3.418242869212862
account_extension,block/256/payload=32/bal=false/distinct=false/storage=true,ecobytes,bytes,3,-2.369625765378669,-3.555708830746518,-1.7119068096284273,-3.555708830746518,-1.7119068096284273
account_extension,block/256/payload=32/bal=false/distinct=false/storage=true,arc,bytes,3,-3.949468023987901,-3.9750030684309046,-1.8202558403103697,-3.9750030684309046,-1.8202558403103697
account_extension,block/256/payload=32/bal=false/distinct=true/storage=false,wrapped,bytes,3,1.084359127014789,-1.7736067258508514,2.3038960994898883,-1.7736067258508514,2.3038960994898883
account_extension,block/256/payload=32/bal=false/distinct=true/storage=false,thinarc,bytes,3,-7.9102800492233065,-8.042860406520692,-7.807970737111991,-8.042860406520692,-7.807970737111991
account_extension,block/256/payload=32/bal=false/distinct=true/storage=false,ecobytes,bytes,3,-4.678946907053739,-8.158697014246885,-4.105645259069868,-8.158697014246885,-4.105645259069868
account_extension,block/256/payload=32/bal=false/distinct=true/storage=false,arc,bytes,3,-6.957290738881383,-8.179502294358665,-6.42093531399982,-8.179502294358665,-6.42093531399982
account_extension,block/256/payload=32/bal=false/distinct=true/storage=true,wrapped,bytes,3,-0.8600350271892987,-2.8201041041258423,1.2759701417419667,-2.8201041041258423,1.2759701417419667
account_extension,block/256/payload=32/bal=false/distinct=true/storage=true,thinarc,bytes,3,-6.846555442847602,-7.957234168503802,-6.324047155485468,-7.957234168503802,-6.324047155485468
account_extension,block/256/payload=32/bal=false/distinct=true/storage=true,ecobytes,bytes,3,-2.0148048352712666,-3.3819730854245167,-1.7295251578066217,-3.3819730854245167,-1.7295251578066217
account_extension,block/256/payload=32/bal=false/distinct=true/storage=true,arc,bytes,3,-3.1827827308434475,-5.186693206102177,-2.3280240642772343,-5.186693206102177,-2.3280240642772343
account_extension,block/256/payload=32/bal=true/distinct=false/storage=false,wrapped,bytes,3,-10.44739499572488,-10.554395876144628,-10.144334989528481,-10.554395876144628,-10.144334989528481
account_extension,block/256/payload=32/bal=true/distinct=false/storage=false,thinarc,bytes,3,-17.529535067405387,-17.566926857994215,-16.834586285681517,-17.566926857994215,-16.834586285681517
account_extension,block/256/payload=32/bal=true/distinct=false/storage=false,ecobytes,bytes,3,-16.811621954126277,-17.820899941417178,-15.720168868092887,-17.820899941417178,-15.720168868092887
account_extension,block/256/payload=32/bal=true/distinct=false/storage=false,arc,bytes,3,-17.370162315833916,-17.657647776093444,-17.124497229150705,-17.657647776093444,-17.124497229150705
account_extension,block/256/payload=32/bal=true/distinct=false/storage=true,wrapped,bytes,3,-12.255203433547146,-12.345674470715373,-9.705575829126634,-12.345674470715373,-9.705575829126634
account_extension,block/256/payload=32/bal=true/distinct=false/storage=true,thinarc,bytes,3,-13.426966204557234,-16.478416996360647,-13.302634210067543,-16.478416996360647,-13.302634210067543
account_extension,block/256/payload=32/bal=true/distinct=false/storage=true,ecobytes,bytes,3,-11.741096188333156,-13.682048719848094,-9.859908058415856,-13.682048719848094,-9.859908058415856
account_extension,block/256/payload=32/bal=true/distinct=false/storage=true,arc,bytes,3,-14.975977474711822,-15.3701945155587,-11.493722000890882,-15.3701945155587,-11.493722000890882
account_extension,block/256/payload=32/bal=true/distinct=true/storage=false,wrapped,bytes,3,-6.5727182537698265,-8.66180708853408,-5.753657134077472,-8.66180708853408,-5.753657134077472
account_extension,block/256/payload=32/bal=true/distinct=true/storage=false,thinarc,bytes,3,-15.061297502071746,-15.15230580926924,-14.554361861704857,-15.15230580926924,-14.554361861704857
account_extension,block/256/payload=32/bal=true/distinct=true/storage=false,ecobytes,bytes,3,-12.936700185338367,-13.153210175596586,-11.561367309983495,-13.153210175596586,-11.561367309983495
account_extension,block/256/payload=32/bal=true/distinct=true/storage=false,arc,bytes,3,-14.145294435926525,-14.36493632093251,-13.797485039137648,-14.36493632093251,-13.797485039137648
account_extension,block/256/payload=32/bal=true/distinct=true/storage=true,wrapped,bytes,3,-6.950644127708583,-8.590097789064387,-5.801024970009183,-8.590097789064387,-5.801024970009183
account_extension,block/256/payload=32/bal=true/distinct=true/storage=true,thinarc,bytes,3,-12.451094899557823,-12.76935857029764,-11.658592725090887,-12.76935857029764,-11.658592725090887
account_extension,block/256/payload=32/bal=true/distinct=true/storage=true,ecobytes,bytes,3,-8.524021778344771,-9.970772993726984,-7.217969881852504,-9.970772993726984,-7.217969881852504
account_extension,block/256/payload=32/bal=true/distinct=true/storage=true,arc,bytes,3,-10.568278088470551,-11.817398769778931,-8.758002552928545,-11.817398769778931,-8.758002552928545
account_extension,execution/op_31/distinct=false/empty=false,wrapped,bytes,3,-0.09286204531477882,-1.4157985791768857,1.7726408927654314,-1.4157985791768857,1.7726408927654314
account_extension,execution/op_31/distinct=false/empty=false,thinarc,bytes,3,-4.520208032682649,-6.52182646383549,-2.9631332626338325,-6.52182646383549,-2.9631332626338325
account_extension,execution/op_31/distinct=false/empty=false,ecobytes,bytes,3,-37.63298374231675,-39.46295294747184,-36.0626619865109,-39.46295294747184,-36.0626619865109
account_extension,execution/op_31/distinct=false/empty=false,arc,bytes,3,-5.968215625199235,-6.667903639685868,-4.179231519401593,-6.667903639685868,-4.179231519401593
account_extension,execution/op_31/distinct=false/empty=true,wrapped,bytes,3,-0.00819851101342417,-1.2392051351998168,0.711012818827994,-1.2392051351998168,0.711012818827994
account_extension,execution/op_31/distinct=false/empty=true,thinarc,bytes,3,-4.0896077988855755,-5.980822682909692,-1.2588678339928383,-5.980822682909692,-1.2588678339928383
account_extension,execution/op_31/distinct=false/empty=true,ecobytes,bytes,3,-37.461918645191886,-39.555721883476856,-36.37786302446367,-39.555721883476856,-36.37786302446367
account_extension,execution/op_31/distinct=false/empty=true,arc,bytes,3,-4.223070497643389,-5.659862312940323,-2.176790865833378,-5.659862312940323,-2.176790865833378
account_extension,execution/op_31/distinct=true/empty=false,wrapped,bytes,3,-2.5583964188159003,-3.6377480855400712,3.755223385998696,-3.6377480855400712,3.755223385998696
account_extension,execution/op_31/distinct=true/empty=false,thinarc,bytes,3,-15.828632673241284,-16.817538906253215,-12.792507556990596,-16.817538906253215,-12.792507556990596
account_extension,execution/op_31/distinct=true/empty=false,ecobytes,bytes,3,-14.171144910492274,-17.146866085300783,-10.817235420522076,-17.146866085300783,-10.817235420522076
account_extension,execution/op_31/distinct=true/empty=false,arc,bytes,3,-10.154692259912135,-11.874553437048952,-8.210177443371913,-11.874553437048952,-8.210177443371913
account_extension,execution/op_31/distinct=true/empty=true,wrapped,bytes,3,-0.7020639337228074,-3.8747473151295675,6.2181800003811905,-3.8747473151295675,6.2181800003811905
account_extension,execution/op_31/distinct=true/empty=true,thinarc,bytes,3,-3.080767731575429,-7.200356010524745,1.4533590299996124,-7.200356010524745,1.4533590299996124
account_extension,execution/op_31/distinct=true/empty=true,ecobytes,bytes,3,-8.968137714552139,-12.277631035213766,1.9314809851371573,-12.277631035213766,1.9314809851371573
account_extension,execution/op_31/distinct=true/empty=true,arc,bytes,3,1.5993387739377862,-2.547562630665956,1.920350170276608,-2.547562630665956,1.920350170276608
account_extension,execution/op_3b/distinct=false/empty=false,wrapped,bytes,3,-3.0663417910971935,-3.181799600539159,-0.2526989572877114,-3.181799600539159,-0.2526989572877114
account_extension,execution/op_3b/distinct=false/empty=false,thinarc,bytes,3,-3.2479466513905986,-3.5104374699691854,-3.1547260756551454,-3.5104374699691854,-3.1547260756551454
account_extension,execution/op_3b/distinct=false/empty=false,ecobytes,bytes,3,8.68198368285762,8.509243655503408,19.658891956065073,8.509243655503408,19.658891956065073
account_extension,execution/op_3b/distinct=false/empty=false,arc,bytes,3,-1.08733477582027,-1.5523236289367026,-0.1070295038012925,-1.5523236289367026,-0.1070295038012925
account_extension,execution/op_3b/distinct=false/empty=true,wrapped,bytes,3,-1.4401263433892697,-2.285474969448842,-0.07514900639131739,-2.285474969448842,-0.07514900639131739
account_extension,execution/op_3b/distinct=false/empty=true,thinarc,bytes,3,-1.7404876185472373,-2.9993027798108196,-0.8547290595561807,-2.9993027798108196,-0.8547290595561807
account_extension,execution/op_3b/distinct=false/empty=true,ecobytes,bytes,3,9.416014351068181,7.638946355153697,20.997543432999578,7.638946355153697,20.997543432999578
account_extension,execution/op_3b/distinct=false/empty=true,arc,bytes,3,1.121864921134641,-1.0020221058501533,4.805548910340485,-1.0020221058501533,4.805548910340485
account_extension,execution/op_3b/distinct=true/empty=false,wrapped,bytes,3,-4.5417428394871395,-5.687402972383504,1.4713411504009066,-5.687402972383504,1.4713411504009066
account_extension,execution/op_3b/distinct=true/empty=false,thinarc,bytes,3,-14.681460109166055,-16.460990409922516,-12.319376196394439,-16.460990409922516,-12.319376196394439
account_extension,execution/op_3b/distinct=true/empty=false,ecobytes,bytes,3,2.4768578795869356,-2.312349876898623,2.963381321513947,-2.312349876898623,2.963381321513947
account_extension,execution/op_3b/distinct=true/empty=false,arc,bytes,3,-9.909214131857668,-10.674744341970744,-8.2934022649513,-10.674744341970744,-8.2934022649513
account_extension,execution/op_3b/distinct=true/empty=true,wrapped,bytes,3,-2.371597768232625,-5.329928444445908,5.451074989869453,-5.329928444445908,5.451074989869453
account_extension,execution/op_3b/distinct=true/empty=true,thinarc,bytes,3,-3.074763793004809,-5.788751800982661,2.385258468310103,-5.788751800982661,2.385258468310103
account_extension,execution/op_3b/distinct=true/empty=true,ecobytes,bytes,3,19.22297739824257,9.506245164105454,23.783715636161396,9.506245164105454,23.783715636161396
account_extension,execution/op_3b/distinct=true/empty=true,arc,bytes,3,0.8318922452965394,-0.36722464526116605,3.2643348180978027,-0.36722464526116605,3.2643348180978027
account_extension,execution/op_3f/distinct=false/empty=false,wrapped,bytes,3,0.15769652656731914,-1.4543162904522955,0.1832832302375076,-1.4543162904522955,0.1832832302375076
account_extension,execution/op_3f/distinct=false/empty=false,thinarc,bytes,3,-9.340475691858806,-12.002956517037777,-7.932941629006319,-12.002956517037777,-7.932941629006319
account_extension,execution/op_3f/distinct=false/empty=false,ecobytes,bytes,3,-43.25202555129225,-45.16180571093121,-42.02951489623985,-45.16180571093121,-42.02951489623985
account_extension,execution/op_3f/distinct=false/empty=false,arc,bytes,3,-9.148127103808656,-10.050536296947099,-8.558143374251381,-10.050536296947099,-8.558143374251381
account_extension,execution/op_3f/distinct=false/empty=true,wrapped,bytes,3,0.09325766571186556,-0.9006391297835425,0.71829495609117,-0.9006391297835425,0.71829495609117
account_extension,execution/op_3f/distinct=false/empty=true,thinarc,bytes,3,-5.902546651049667,-9.188391487780157,-4.634526577885478,-9.188391487780157,-4.634526577885478
account_extension,execution/op_3f/distinct=false/empty=true,ecobytes,bytes,3,-43.22874879035483,-44.93588226292664,-41.848967867522546,-44.93588226292664,-41.848967867522546
account_extension,execution/op_3f/distinct=false/empty=true,arc,bytes,3,-6.0905691087054015,-7.878464890244475,-5.499617093664655,-7.878464890244475,-5.499617093664655
account_extension,execution/op_3f/distinct=true/empty=false,wrapped,bytes,3,-2.299444647585991,-2.4814166460492504,2.5031747377480373,-2.4814166460492504,2.5031747377480373
account_extension,execution/op_3f/distinct=true/empty=false,thinarc,bytes,3,-15.604024596292854,-16.789708380478572,-14.75919296305892,-16.789708380478572,-14.75919296305892
account_extension,execution/op_3f/distinct=true/empty=false,ecobytes,bytes,3,-14.871878076977696,-19.85251565016054,-11.205909863294893,-19.85251565016054,-11.205909863294893
account_extension,execution/op_3f/distinct=true/empty=false,arc,bytes,3,-11.550693946449375,-12.245498243926178,-10.480532710050971,-12.245498243926178,-10.480532710050971
account_extension,execution/op_3f/distinct=true/empty=true,wrapped,bytes,3,-0.9066613730022599,-4.438383776174126,5.622655307355062,-4.438383776174126,5.622655307355062
account_extension,execution/op_3f/distinct=true/empty=true,thinarc,bytes,3,-4.369242890431913,-7.59053048849988,0.27691628826980175,-7.59053048849988,0.27691628826980175
account_extension,execution/op_3f/distinct=true/empty=true,ecobytes,bytes,3,-9.976286398054556,-13.207296812171931,-0.014510259143207804,-13.207296812171931,-0.014510259143207804
account_extension,execution/op_3f/distinct=true/empty=true,arc,bytes,3,-0.9184389864556941,-3.6015890211168355,0.5565632657871022,-3.6015890211168355,0.5565632657871022
account_extension,journal/cold_load/4096,wrapped,bytes,3,1.4290137507769085,1.41438405819736,2.458469816790698,1.41438405819736,2.458469816790698
account_extension,journal/cold_load/4096,thinarc,bytes,3,-12.965399651409848,-13.544630896607668,-11.971980467872456,-13.544630896607668,-11.971980467872456
account_extension,journal/cold_load/4096,ecobytes,bytes,3,-11.278392404486247,-13.086505856687102,-10.80797774850314,-13.086505856687102,-10.80797774850314
account_extension,journal/cold_load/4096,arc,bytes,3,-12.390218891907024,-13.455154788678648,-8.884524510737501,-13.455154788678648,-8.884524510737501
account_extension,journal/cold_load/64,wrapped,bytes,3,-0.8163911268459945,-1.0156041095123025,2.1281295030095126,-1.0156041095123025,2.1281295030095126
account_extension,journal/cold_load/64,thinarc,bytes,3,-13.525513004837652,-15.644947007308508,-12.29848502242662,-15.644947007308508,-12.29848502242662
account_extension,journal/cold_load/64,ecobytes,bytes,3,-12.88129013240752,-13.393724678436069,-12.403923886287116,-13.393724678436069,-12.403923886287116
account_extension,journal/cold_load/64,arc,bytes,3,-14.561897856301654,-15.34846570896291,-6.969075130314573,-15.34846570896291,-6.969075130314573
account_extension,journal/transfer_revert/4096,wrapped,bytes,3,1.1229509528342785,-6.258592148207686,11.044865043460561,-6.258592148207686,11.044865043460561
account_extension,journal/transfer_revert/4096,thinarc,bytes,3,-6.83458347853133,-7.7209794120370105,1.7640194066768977,-7.7209794120370105,1.7640194066768977
account_extension,journal/transfer_revert/4096,ecobytes,bytes,3,-4.44006158988236,-5.875113019976141,4.429147816819201,-5.875113019976141,4.429147816819201
account_extension,journal/transfer_revert/4096,arc,bytes,3,-5.464300607855154,-6.340961518009625,3.3507576642058057,-6.340961518009625,3.3507576642058057
account_extension,journal/transfer_revert/64,wrapped,bytes,3,1.1012479550217558,-2.7122609198092507,1.7420898214985492,-2.7122609198092507,1.7420898214985492
account_extension,journal/transfer_revert/64,thinarc,bytes,3,-0.6405058073380654,-1.1772795200688746,0.880696864133057,-1.1772795200688746,0.880696864133057
account_extension,journal/transfer_revert/64,ecobytes,bytes,3,0.24923437087014388,-0.01158399096309326,2.1739924598362714,-0.01158399096309326,2.1739924598362714
account_extension,journal/transfer_revert/64,arc,bytes,3,-0.27801646568024196,-0.7132825178835289,0.12194511955747611,-0.7132825178835289,0.12194511955747611
account_extension,journal/warm_load/4096,wrapped,bytes,3,0.42999064900619555,-11.704466799031687,22.152068925570155,-11.704466799031687,22.152068925570155
account_extension,journal/warm_load/4096,thinarc,bytes,3,-10.370510905690322,-14.70154753598144,3.605376278614636,-14.70154753598144,3.605376278614636
account_extension,journal/warm_load/4096,ecobytes,bytes,3,-12.313478139205758,-12.827288067506737,4.15421226696826,-12.827288067506737,4.15421226696826
account_extension,journal/warm_load/4096,arc,bytes,3,-10.328855887141197,-11.134502036265047,7.500179961767017,-11.134502036265047,7.500179961767017
account_extension,journal/warm_load/64,wrapped,bytes,3,0.34867784721681616,0.07047899229699617,1.5416535084435745,0.07047899229699617,1.5416535084435745
account_extension,journal/warm_load/64,thinarc,bytes,3,3.7296891031452617,3.626615055121629,4.80230778837325,3.626615055121629,4.80230778837325
account_extension,journal/warm_load/64,ecobytes,bytes,3,3.4369088955670257,3.3580074405454408,3.4549560923387235,3.3580074405454408,3.4549560923387235
account_extension,journal/warm_load/64,arc,bytes,3,3.7384044067349187,3.6172396588729727,4.045927398491633,3.6172396588729727,4.045927398491633
account_extension,populated/bal_update/changed/32,wrapped,bytes,3,-1.8138722376268346,-11.35661286804025,2.4094106892597056,-11.35661286804025,2.4094106892597056
account_extension,populated/bal_update/changed/32,thinarc,bytes,3,-2.240495610914306,-11.826130881581209,-1.8641855444903155,-11.826130881581209,-1.8641855444903155
account_extension,populated/bal_update/changed/32,ecobytes,bytes,3,-0.1675514274732226,-10.921543525127364,11.26347324734076,-10.921543525127364,11.26347324734076
account_extension,populated/bal_update/changed/32,arc,bytes,3,-8.719940459155307,-16.934757716236803,-6.771348313778991,-16.934757716236803,-6.771348313778991
account_extension,populated/bal_update/unchanged/32,wrapped,bytes,3,1.1641337535565288,-0.4879470160831345,1.2367972298901408,-0.4879470160831345,1.2367972298901408
account_extension,populated/bal_update/unchanged/32,thinarc,bytes,3,-11.166559624298166,-12.315706838844198,-10.915296870017544,-12.315706838844198,-10.915296870017544
account_extension,populated/bal_update/unchanged/32,ecobytes,bytes,3,-5.833249326938694,-6.991977095424118,-5.701008388160056,-6.991977095424118,-5.701008388160056
account_extension,populated/bal_update/unchanged/32,arc,bytes,3,-9.5902815613621,-15.360193255350918,-8.78279554435013,-15.360193255350918,-8.78279554435013
account_extension,populated/clone/32,wrapped,bytes,3,-0.6560863299990283,-2.197749893454437,-0.009897150663873422,-2.197749893454437,-0.009897150663873422
account_extension,populated/clone/32,thinarc,bytes,3,-41.94579726885761,-42.58132193119497,-41.284126214580105,-42.58132193119497,-41.284126214580105
account_extension,populated/clone/32,ecobytes,bytes,3,-41.94152198813581,-43.217189328090434,-40.870007691597124,-43.217189328090434,-40.870007691597124
account_extension,populated/clone/32,arc,bytes,3,-41.33170983349993,-43.474444844630035,-41.187754936910615,-43.474444844630035,-41.187754936910615
account_extension,populated/equal_independent/32,wrapped,bytes,3,-5.894963327972336,-6.597711961274921,-4.564442018992832,-6.597711961274921,-4.564442018992832
account_extension,populated/equal_independent/32,thinarc,bytes,3,-1.2382901919150258,-1.6012670075991497,0.5530224518563776,-1.6012670075991497,0.5530224518563776
account_extension,populated/equal_independent/32,ecobytes,bytes,3,2.039099936018607,0.6776681296539522,3.035868268794717,0.6776681296539522,3.035868268794717
account_extension,populated/equal_independent/32,arc,bytes,3,19.0043252028379,18.97772709370269,19.585304963588968,18.97772709370269,19.585304963588968
account_extension,populated32/account/clone/4096,wrapped,bytes,3,-0.021507667216591475,-0.1365617950284448,0.26913167202249344,-0.1365617950284448,0.26913167202249344
account_extension,populated32/account/clone/4096,thinarc,bytes,3,-36.97928908962685,-37.06936002905227,-36.87037729156294,-37.06936002905227,-36.87037729156294
account_extension,populated32/account/clone/4096,ecobytes,bytes,3,-36.73162555001175,-36.766841470098136,-36.7137314630486,-36.766841470098136,-36.7137314630486
account_extension,populated32/account/clone/4096,arc,bytes,3,-37.369562319135376,-37.47989880666156,-37.35087180071929,-37.47989880666156,-37.35087180071929
account_extension,populated32/account/copy_without_code/4096,wrapped,bytes,3,0.40025343528267143,-0.38552242638734135,1.2074564218572226,-0.38552242638734135,1.2074564218572226
account_extension,populated32/account/copy_without_code/4096,thinarc,bytes,3,-46.31029821692878,-46.31124452280996,-45.94140933531744,-46.31124452280996,-45.94140933531744
account_extension,populated32/account/copy_without_code/4096,ecobytes,bytes,3,-46.96688847936662,-46.98725184303885,-46.58930209234639,-46.98725184303885,-46.58930209234639
account_extension,populated32/account/copy_without_code/4096,arc,bytes,3,-42.38759589950689,-42.402074189488424,-41.945811059649415,-42.402074189488424,-41.945811059649415
account_extension,populated32/bal/replay/0,wrapped,bytes,3,1.8761107213314254,-0.3945016351698638,2.0556837998016775,-0.3945016351698638,2.0556837998016775
account_extension,populated32/bal/replay/0,thinarc,bytes,3,-31.331038351101583,-32.59921328606508,-30.77817468309355,-32.59921328606508,-30.77817468309355
account_extension,populated32/bal/replay/0,ecobytes,bytes,3,-28.379050644393622,-29.522679722752876,-28.29154398450202,-29.522679722752876,-28.29154398450202
account_extension,populated32/bal/replay/0,arc,bytes,3,-29.702694667893294,-30.956299475948622,-28.82395650705011,-30.956299475948622,-28.82395650705011
account_extension,populated32/bal/replay/1,wrapped,bytes,3,2.5145028458026797,2.3635908137980444,3.2963267044781697,2.3635908137980444,3.2963267044781697
account_extension,populated32/bal/replay/1,thinarc,bytes,3,-17.624533390770747,-17.77702297620746,-17.58389825171678,-17.77702297620746,-17.58389825171678
account_extension,populated32/bal/replay/1,ecobytes,bytes,3,-21.66718689174011,-23.312941943013456,-21.658790403703808,-23.312941943013456,-21.658790403703808
account_extension,populated32/bal/replay/1,arc,bytes,3,-16.780323867714976,-16.875562120520105,-16.308519316313543,-16.875562120520105,-16.308519316313543
account_extension,populated32/bal/replay/16,wrapped,bytes,3,0.36886572043006716,-0.1801623123971252,5.720324840721069,-0.1801623123971252,5.720324840721069
account_extension,populated32/bal/replay/16,thinarc,bytes,3,-15.606176079496448,-19.002316656684158,-14.994947055309416,-19.002316656684158,-14.994947055309416
account_extension,populated32/bal/replay/16,ecobytes,bytes,3,-17.93354922501479,-19.818745092872604,-14.339045417748276,-19.818745092872604,-14.339045417748276
account_extension,populated32/bal/replay/16,arc,bytes,3,-14.31443041114976,-17.065475800097506,-10.119224469533894,-17.065475800097506,-10.119224469533894
account_extension,populated32/bal/replay/4,wrapped,bytes,3,0.7450731936350374,0.5459917379842194,4.777142683767455,0.5459917379842194,4.777142683767455
account_extension,populated32/bal/replay/4,thinarc,bytes,3,-23.685243993825612,-27.869249373689676,-22.862017379727394,-27.869249373689676,-22.862017379727394
account_extension,populated32/bal/replay/4,ecobytes,bytes,3,-33.80995414041749,-35.273384107150285,-33.0446436948239,-35.273384107150285,-33.0446436948239
account_extension,populated32/bal/replay/4,arc,bytes,3,-25.981624805999992,-27.564834586861775,-24.756894352135074,-27.564834586861775,-24.756894352135074
account_extension,populated32/journal/cold_load/4096,wrapped,bytes,3,0.44372759295825404,-1.0956086437077017,0.6217380067100375,-1.0956086437077017,0.6217380067100375
account_extension,populated32/journal/cold_load/4096,thinarc,bytes,3,-1.0671781421678461,-8.849441892617293,-0.9768482585921889,-8.849441892617293,-0.9768482585921889
account_extension,populated32/journal/cold_load/4096,ecobytes,bytes,3,-0.8893584863415516,-0.9194109951402019,0.009690049428923153,-0.9194109951402019,0.009690049428923153
account_extension,populated32/journal/cold_load/4096,arc,bytes,3,-2.8078560883012194,-3.5046862762737163,-1.7838786146853303,-3.5046862762737163,-1.7838786146853303
account_extension,populated32/journal/warm_load/4096,wrapped,bytes,3,-3.1607837805104233,-15.610783695134433,2.3703800708174905,-15.610783695134433,2.3703800708174905
account_extension,populated32/journal/warm_load/4096,thinarc,bytes,3,-0.3811684889563405,-15.092689717048724,0.7579110515222531,-15.092689717048724,0.7579110515222531
account_extension,populated32/journal/warm_load/4096,ecobytes,bytes,3,0.7179401988502532,-12.812788215799397,6.247382692518233,-12.812788215799397,6.247382692518233
account_extension,populated32/journal/warm_load/4096,arc,bytes,3,1.9838238887998072,-14.135571989281615,3.0304549743934484,-14.135571989281615,3.0304549743934484
account_extension,state/commit_merge_revert/create/hook=false,wrapped,bytes,3,-0.3997080828004651,-1.8651634336753764,0.7261773354271472,-1.8651634336753764,0.7261773354271472
account_extension,state/commit_merge_revert/create/hook=false,thinarc,bytes,3,-6.510250287872266,-8.200588078304216,-5.839058267330932,-8.200588078304216,-5.839058267330932
account_extension,state/commit_merge_revert/create/hook=false,ecobytes,bytes,3,-5.028137349549122,-6.803246916720374,0.5607192768630087,-6.803246916720374,0.5607192768630087
account_extension,state/commit_merge_revert/create/hook=false,arc,bytes,3,-2.9270338785591266,-5.350861100630421,-0.06846631386514535,-5.350861100630421,-0.06846631386514535
account_extension,state/commit_merge_revert/create/hook=true,wrapped,bytes,3,-1.6508809268660718,-2.6043003672431952,-0.4498601409214209,-2.6043003672431952,-0.4498601409214209
account_extension,state/commit_merge_revert/create/hook=true,thinarc,bytes,3,-6.8128208180362915,-7.698263705858621,-5.497791622505666,-7.698263705858621,-5.497791622505666
account_extension,state/commit_merge_revert/create/hook=true,ecobytes,bytes,3,-0.9638654858373341,-3.180936125494893,1.2153835062950646,-3.180936125494893,1.2153835062950646
account_extension,state/commit_merge_revert/create/hook=true,arc,bytes,3,-2.5989528861023126,-5.229671553969539,4.035535976496063,-5.229671553969539,4.035535976496063
account_extension,state/commit_merge_revert/destroy/hook=false,wrapped,bytes,3,-2.1475403590511477,-3.642859285215805,-1.6458815146152883,-3.642859285215805,-1.6458815146152883
account_extension,state/commit_merge_revert/destroy/hook=false,thinarc,bytes,3,-18.689643342677854,-20.007903801683224,-16.165884519036887,-20.007903801683224,-16.165884519036887
account_extension,state/commit_merge_revert/destroy/hook=false,ecobytes,bytes,3,-15.071058471505449,-16.1730208522582,-7.8975754202819,-16.1730208522582,-7.8975754202819
account_extension,state/commit_merge_revert/destroy/hook=false,arc,bytes,3,-14.05172984705998,-17.042760251625644,-9.955298028821646,-17.042760251625644,-9.955298028821646
account_extension,state/commit_merge_revert/destroy/hook=true,wrapped,bytes,3,-4.143452575970241,-5.526663082396865,-3.28963501804298,-5.526663082396865,-3.28963501804298
account_extension,state/commit_merge_revert/destroy/hook=true,thinarc,bytes,3,-22.076210727431047,-23.007317641496662,-21.026131668077973,-23.007317641496662,-21.026131668077973
account_extension,state/commit_merge_revert/destroy/hook=true,ecobytes,bytes,3,-16.898575426666827,-17.67793245994369,-13.72850402219491,-17.67793245994369,-13.72850402219491
account_extension,state/commit_merge_revert/destroy/hook=true,arc,bytes,3,-17.032609049496973,-21.685857742882153,-10.16445493566681,-21.685857742882153,-10.16445493566681
account_extension,state/commit_merge_revert/update/hook=false,wrapped,bytes,3,0.9519074486664669,-1.1596281632174965,0.9818410720991322,-1.1596281632174965,0.9818410720991322
account_extension,state/commit_merge_revert/update/hook=false,thinarc,bytes,3,-7.173873754475835,-8.320554572313,-6.059941058733442,-8.320554572313,-6.059941058733442
account_extension,state/commit_merge_revert/update/hook=false,ecobytes,bytes,3,-6.347565831070101,-8.525578636470977,-2.281574234379513,-8.525578636470977,-2.281574234379513
account_extension,state/commit_merge_revert/update/hook=false,arc,bytes,3,-4.084369541236277,-4.1709472694201555,-0.08932012336808626,-4.1709472694201555,-0.08932012336808626
account_extension,state/commit_merge_revert/update/hook=true,wrapped,bytes,3,-0.6559605312799421,-1.4077594403499982,-0.2906519889321779,-1.4077594403499982,-0.2906519889321779
account_extension,state/commit_merge_revert/update/hook=true,thinarc,bytes,3,-5.358578925612889,-9.016850168602764,-4.670921989951782,-9.016850168602764,-4.670921989951782
account_extension,state/commit_merge_revert/update/hook=true,ecobytes,bytes,3,-5.7186297410510845,-6.529002947496854,-3.0030406237731455,-6.529002947496854,-3.0030406237731455
account_extension,state/commit_merge_revert/update/hook=true,arc,bytes,3,-3.5745647554072946,-5.633982166553631,2.606472929519743,-5.633982166553631,2.606472929519743
account_extension_storage,storage/clone/0,wrapped,bytes,3,0.08876666585579951,-0.2220945012605391,0.5049964945582852,-0.2220945012605391,0.5049964945582852
account_extension_storage,storage/clone/0,thinarc,bytes,3,-82.34145171415531,-82.38010985420458,-82.26773974928656,-82.38010985420458,-82.26773974928656
account_extension_storage,storage/clone/0,ecobytes,bytes,3,-76.70531342898806,-76.72202603255289,-76.56868335639717,-76.72202603255289,-76.56868335639717
account_extension_storage,storage/clone/0,arc,bytes,3,147.35437359556593,146.9399023953081,148.7446477935426,146.9399023953081,148.7446477935426
account_extension_storage,storage/clone/32,wrapped,bytes,3,-0.0642907196543474,-0.11598008794809767,0.20344786554769012,-0.11598008794809767,0.20344786554769012
account_extension_storage,storage/clone/32,thinarc,bytes,3,-13.377681978639288,-13.424753384148513,-12.830607094921575,-13.424753384148513,-12.830607094921575
account_extension_storage,storage/clone/32,ecobytes,bytes,3,-16.8386986361165,-16.87395685247701,-16.615754007304318,-16.87395685247701,-16.615754007304318
account_extension_storage,storage/clone/32,arc,bytes,3,13.477547033711756,11.753548161519634,13.54059716881082,11.753548161519634,13.54059716881082
account_extension_storage,storage/construct_slice/0,wrapped,bytes,3,-0.38518010839991845,-7.700784822333406,0.9415801583241512,-7.700784822333406,0.9415801583241512
account_extension_storage,storage/construct_slice/0,thinarc,bytes,3,-63.03064974564007,-65.55528681157222,-62.5645622868521,-65.55528681157222,-62.5645622868521
account_extension_storage,storage/construct_slice/0,ecobytes,bytes,3,-33.93871698808736,-38.677968651555915,-33.055890789914436,-38.677968651555915,-33.055890789914436
account_extension_storage,storage/construct_slice/0,arc,bytes,3,306.2516946123986,276.6218965214284,311.8137285815856,276.6218965214284,311.8137285815856
account_extension_storage,storage/construct_slice/32,wrapped,bytes,3,1.3408916959058104,-1.7142453495142096,13.494743998116965,-1.7142453495142096,13.494743998116965
account_extension_storage,storage/construct_slice/32,thinarc,bytes,3,21.586545810098933,21.34901702322345,22.065355357661677,21.34901702322345,22.065355357661677
account_extension_storage,storage/construct_slice/32,ecobytes,bytes,3,22.638565795592868,21.632017945075475,23.148722336704154,21.632017945075475,23.148722336704154
account_extension_storage,storage/construct_slice/32,arc,bytes,3,144.65750482144207,143.6013845659024,145.75478875305583,143.6013845659024,145.75478875305583
account_extension_storage,storage/construct_vec/0,wrapped,bytes,3,0.27782067265682553,-10.19257294128394,12.39202696257362,-10.19257294128394,12.39202696257362
account_extension_storage,storage/construct_vec/0,thinarc,bytes,3,-51.42366818058893,-56.47120581933096,-51.25113877177678,-56.47120581933096,-51.25113877177678
account_extension_storage,storage/construct_vec/0,ecobytes,bytes,3,23.02553536911254,10.137675313206906,23.85380393943286,10.137675313206906,23.85380393943286
account_extension_storage,storage/construct_vec/0,arc,bytes,3,22.141406779140695,9.549558339135267,23.372169643658623,9.549558339135267,23.372169643658623
account_extension_storage,storage/construct_vec/32,wrapped,bytes,3,0.20501097559635362,-4.008568331849293,4.803510430540747,-4.008568331849293,4.803510430540747
account_extension_storage,storage/construct_vec/32,thinarc,bytes,3,587.6321024457967,563.5534211032882,592.5771054980366,563.5534211032882,592.5771054980366
account_extension_storage,storage/construct_vec/32,ecobytes,bytes,3,626.1485682598529,601.8251915290546,634.5804469904007,601.8251915290546,634.5804469904007
account_extension_storage,storage/construct_vec/32,arc,bytes,3,597.4518345572416,568.1866848384399,600.6007674436164,568.1866848384399,600.6007674436164
account_extension_storage,storage/equal_independent/0,wrapped,bytes,3,-99.48292377849728,-99.48394770883338,-99.45573007416941,-99.48394770883338,-99.45573007416941
account_extension_storage,storage/equal_independent/0,thinarc,bytes,3,-99.47746325026917,-99.47830275213,-99.45161122952257,-99.47830275213,-99.45161122952257
account_extension_storage,storage/equal_independent/0,ecobytes,bytes,3,-99.41199266140185,-99.42415393358132,-99.37997560982842,-99.42415393358132,-99.37997560982842
account_extension_storage,storage/equal_independent/0,arc,bytes,3,-98.21484166341563,-98.21707170942622,-98.12271981058787,-98.21707170942622,-98.12271981058787
account_extension_storage,storage/equal_independent/32,wrapped,bytes,3,-0.40997019101693954,-16.008462506834142,0.020915320810988014,-16.008462506834142,0.020915320810988014
account_extension_storage,storage/equal_independent/32,thinarc,bytes,3,6.025605694469238,-9.543343566282491,7.013478612151713,-9.543343566282491,7.013478612151713
account_extension_storage,storage/equal_independent/32,ecobytes,bytes,3,39.533126668349425,17.37034549940164,39.55813539737329,17.37034549940164,39.55813539737329
account_extension_storage,storage/equal_independent/32,arc,bytes,3,-0.305231031865949,-15.951279011171582,0.09433345799836346,-15.951279011171582,0.09433345799836346
account_extension_storage,storage/equal_shared/0,wrapped,bytes,3,-99.48209195141763,-99.48298366911034,-99.48087979031295,-99.48298366911034,-99.48087979031295
account_extension_storage,storage/equal_shared/0,thinarc,bytes,3,-99.47588928021214,-99.47682693583252,-99.47554463223221,-99.47682693583252,-99.47554463223221
account_extension_storage,storage/equal_shared/0,ecobytes,bytes,3,-99.41160057257414,-99.42386831012402,-99.29858007974312,-99.42386831012402,-99.29858007974312
account_extension_storage,storage/equal_shared/0,arc,bytes,3,-98.21220686727517,-98.21439890489538,-98.2064444091476,-98.21439890489538,-98.2064444091476
account_extension_storage,storage/equal_shared/32,wrapped,bytes,3,-15.950041290983751,-16.044346366267238,-0.20072656841523262,-16.044346366267238,-0.20072656841523262
account_extension_storage,storage/equal_shared/32,thinarc,bytes,3,-60.14767897764604,-60.347901858210015,-52.760933843429434,-60.347901858210015,-52.760933843429434
account_extension_storage,storage/equal_shared/32,ecobytes,bytes,3,17.186959141493176,16.891248348249157,38.80295301647523,16.891248348249157,38.80295301647523
account_extension_storage,storage/equal_shared/32,arc,bytes,3,-15.908271503946636,-16.01820319258439,0.20664924153408482,-16.01820319258439,0.20664924153408482
evm,EXTCODEHASH_50,wrapped,bytes,3,1.3250559166249731,-0.5272898474769416,1.540712685210921,-0.5272898474769416,1.540712685210921
evm,EXTCODEHASH_50,thinarc,bytes,3,-6.358067658181543,-7.3798690004896255,-6.23785377977597,-7.3798690004896255,-6.23785377977597
evm,EXTCODEHASH_50,ecobytes,bytes,3,-5.726131847114568,-6.93481494063104,-4.638036324752948,-6.93481494063104,-4.638036324752948
evm,EXTCODEHASH_50,arc,bytes,3,-4.165183744809098,-5.596969855470713,-2.9549989121731013,-5.596969855470713,-2.9549989121731013
evm,analysis,wrapped,bytes,3,4.3877851861504835,-0.9607848821769127,4.869061499010829,-0.9607848821769127,4.869061499010829
evm,analysis,thinarc,bytes,3,3.122489508525872,-1.0956029834358505,3.491072472038814,-1.0956029834358505,3.491072472038814
evm,analysis,ecobytes,bytes,3,1.5193272645991351,-1.3103034948649728,3.9794329567985898,-1.3103034948649728,3.9794329567985898
evm,analysis,arc,bytes,3,0.48286466608953305,0.24424582080544432,4.585680046558882,0.24424582080544432,4.585680046558882
evm,burntpix,wrapped,bytes,3,1.848747081116886,0.956146406756142,3.1085834059488615,0.956146406756142,3.1085834059488615
evm,burntpix,thinarc,bytes,3,3.9015219947106328,2.299071652291329,4.342755851918856,2.299071652291329,4.342755851918856
evm,burntpix,ecobytes,bytes,3,3.548345961273247,3.004395417480854,4.076943918206455,3.004395417480854,4.076943918206455
evm,burntpix,arc,bytes,3,1.7012098257875863,0.8137516892227081,1.7353219185409108,0.8137516892227081,1.7353219185409108
evm,snailtracer,wrapped,bytes,3,2.3674227842330753,2.2164886925516436,3.4320736109184624,2.2164886925516436,3.4320736109184624
evm,snailtracer,thinarc,bytes,3,4.779669815760057,3.7390169120462557,5.583278378733292,3.7390169120462557,5.583278378733292
evm,snailtracer,ecobytes,bytes,3,1.4220795519772844,0.16931712652004105,1.8045162149564309,0.16931712652004105,1.8045162149564309
evm,snailtracer,arc,bytes,3,2.716982164722115,2.149525961121701,2.9938991588786656,2.149525961121701,2.9938991588786656
evm,subcall_1000_nested,wrapped,bytes,3,-0.2354444051763882,-11.78074915567855,2.543561751784029,-11.78074915567855,2.543561751784029
evm,subcall_1000_nested,thinarc,bytes,3,1.1709466671760982,-2.6149028813904573,11.547717606922014,-2.6149028813904573,11.547717606922014
evm,subcall_1000_nested,ecobytes,bytes,3,4.309838417144363,0.8945990728515874,12.777784030352413,0.8945990728515874,12.777784030352413
evm,subcall_1000_nested,arc,bytes,3,0.24139363685100612,-0.01670115842613562,12.175075816634662,-0.01670115842613562,12.175075816634662
evm,subcall_1000_same_account,wrapped,bytes,3,0.9060244094293068,-14.841800670655768,1.7290047522256824,-14.841800670655768,1.7290047522256824
evm,subcall_1000_same_account,thinarc,bytes,3,1.639322138034105,-6.988301787720152,9.18434758930573,-6.988301787720152,9.18434758930573
evm,subcall_1000_same_account,ecobytes,bytes,3,2.780240489060448,0.41253211171727866,10.511971280141786,0.41253211171727866,10.511971280141786
evm,subcall_1000_same_account,arc,bytes,3,1.535711943804996,-3.4419055084957684,11.415387790354092,-3.4419055084957684,11.415387790354092
evm,subcall_1000_transfer_1wei,wrapped,bytes,3,1.051653712242917,-9.453859971481704,2.485215361735782,-9.453859971481704,2.485215361735782
evm,subcall_1000_transfer_1wei,thinarc,bytes,3,-4.672666371273837,-9.75439103958199,1.0490106585731684,-9.75439103958199,1.0490106585731684
evm,subcall_1000_transfer_1wei,ecobytes,bytes,3,-1.5896666333293896,-2.569480346029751,3.003592544669842,-2.569480346029751,3.003592544669842
evm,subcall_1000_transfer_1wei,arc,bytes,3,1.355603358968538,-0.6196005787435843,11.040191744519001,-0.6196005787435843,11.040191744519001
evm,transact_1000tx_commit_inner_every_40,wrapped,bytes,3,-1.8553227191700161,-2.713550863910341,1.5234555710401665,-2.713550863910341,1.5234555710401665
evm,transact_1000tx_commit_inner_every_40,thinarc,bytes,3,-4.111985316185485,-4.378928093571544,-2.9248798047323388,-4.378928093571544,-2.9248798047323388
evm,transact_1000tx_commit_inner_every_40,ecobytes,bytes,3,-2.0772329495851394,-3.5714937535311186,0.4587030633850464,-3.5714937535311186,0.4587030633850464
evm,transact_1000tx_commit_inner_every_40,arc,bytes,3,-2.257113593840665,-2.355506938123253,-1.5876197383147939,-2.355506938123253,-1.5876197383147939
evm,transact_commit_1000txs,wrapped,bytes,3,0.41411322084130564,-3.3351673697203044,0.5746104001729702,-3.3351673697203044,0.5746104001729702
evm,transact_commit_1000txs,thinarc,bytes,3,-5.583486663066351,-6.65225987512269,-4.508063819965258,-6.65225987512269,-4.508063819965258
evm,transact_commit_1000txs,ecobytes,bytes,3,0.27872371372297255,-2.3585618189279622,1.2497543128690891,-2.3585618189279622,1.2497543128690891
evm,transact_commit_1000txs,arc,bytes,3,-3.4604088308529457,-3.578810742114258,-0.3224866792326364,-3.578810742114258,-0.3224866792326364
